<?xml version="1.0" encoding="UTF-8"?>
<application xmlns:xsi="http://www.w3.org/2001/XMLSchema-instance"
	xmlns="http://java.sun.com/xml/ns/javaee" xmlns:application="http://java.sun.com/xml/ns/javaee/application_5.xsd"
	xsi:schemaLocation="http://java.sun.com/xml/ns/javaee http://java.sun.com/xml/ns/javaee/application_6.xsd"
	version="6">
	<application-name>Library</application-name>

	<module>
		<ejb>Library-EJB.jar</ejb>
	</module>

	<module>
		<web>
			<web-uri>Library-Web.war</web-uri>
			<context-root>Library-Web</context-root>
		</web>
	</module>
</application>